{
  "Dummy_most_frequent": {
    "accuracy": 0.6766666666666666,
    "f1": 0.0,
    "roc_auc": 0.5
  },
  "LogisticRegression": {
    "accuracy": 0.8275,
    "f1": 0.7076271186440678,
    "roc_auc": 0.8746905312071505
  },
  "DecisionTree": {
    "accuracy": 0.8691666666666666,
    "f1": 0.7942332896461337,
    "roc_auc": 0.9097569162307654
  },
  "RandomForest": {
    "accuracy": 0.9291666666666667,
    "f1": 0.8854447439353099,
    "roc_auc": 0.9672947031638819
  },
  "GradientBoosting": {
    "accuracy": 0.91625,
    "f1": 0.8633582596872875,
    "roc_auc": 0.9610124866690365
  }
}